{
  "timestamp": "2026-04-09T13:43:50.252962",
  "phase": "Phase-3",
  "formulas": {
    "F_gobekli": 133.1,
    "Q_spinal": 83.43424439090224,
    "C_cain": 134.41398133253097,
    "L_levhi": 1436357.6738786069,
    "Psi_phase3": 48296068.91384261,
    "Psi_phase3_normalized": 4829606.891384261
  }
}